username,password,userSession
jojo,bean,138238.927987039HVVAzztpifiDDDDDtczzDpQiQVf
prm4455,521000,138238.894289186HVVAzzDpVcftczzDpQHiHf
prm5797,989214,138238.90635885HVVAzzDpHtfiDDDDtczzDpQictHf
prm3206,596308,138238.911057108HVVAzzDpQiHftczzDpQiDQcf
prm7420,936026,138238.912596193HVVAzztpAzzzzzzHtczzDpQitt
prm441,824509,138239.03126772HVVAzHApVHAiDDDDtczztpAcVAcf
prm1671,672355,138239.03491292HVVAzHApDfiDDDDDtczztpAccVf
prm8839,608381,138239.056298096HVVAzHVptfiDDDDDtczztpAciHf
prm7063,611284,138239.059538275HVVAzHVpzcftczztpAcQHf
prm9697,378693,138239.075172134HVVAzHcptcQVzzzHtczztpADtfHf
prm8536,872846,138239.078250304HVVAzHcpfiHftczztpADffcf
prm3949,713602,138239.083029567HVVAzHcpiDDDDDDDtczztpADH

null,null,138295.075901175HVVDffcpQzzzzzzHtcziVpDVHi
null,null,138295.075901175HVVDffcpQzzzzzzHtcziVpDVHi
prm7877,773906,138295.075982179HVVDffcpQHAiDDDDtcziVpDVHicf
null,null,138295.075982179HVVDffcpQHAiDDDDtcziVpDVHicf
null,null,138295.075982179HVVDffcpQHAiDDDDtcziVpDVHicf
null,null,138295.07727825HVVDffDpADHftcziVpDViccf
null,null,138295.101336574HVVDfftpcHftcziVpDcfzf
null,null,138295.108788983HVVDfftpzfiDDDDDtcziVpDcHQf
null,null,138295.119157554HVVDfffpVQVzzzzHtcziVpDDVVf
null,null,138295.141109761HVVDffzpDcAiDDDDtcziVpDDHQcf
null,null,138295.157877683HVVDffHpViDDDDDDtcziVpDtDV
null,null,138295.163385986HVVDffHptzzzzzzHtcziVpDtti
